{"type": "metrics", "dataset": "train", "precision": 0.9973238180196253, "balanced_accuracy": 0.9728577818989452, "recall": 0.9464550264550264, "f1_score": 0.9712238028016071}
{"type": "metrics", "dataset": "test", "precision": 0.6548523206751055, "balanced_accuracy": 0.6746549141474555, "recall": 0.40713536201469047, "f1_score": 0.5021028793270786}
{"type": "cm_matrix", "dataset": "train", "true_0": {"predicted_0": 16216, "predicted_1": 12}, "true_1": {"predicted_0": 253, "predicted_1": 4472}}
{"type": "cm_matrix", "dataset": "test", "true_0": {"predicted_0": 6664, "predicted_1": 409}, "true_1": {"predicted_0": 1130, "predicted_1": 776}}
