{"type": "metrics", "dataset": "train", "precision": 0.9896640826873385, "balanced_accuracy": 0.540389049644544, "recall": 0.08102390522530147, "f1_score": 0.1497849041845913}
{"type": "cm_matrix", "dataset": "train", "true_0": {"predicted_0": 16269, "predicted_1": 4}, "true_1": {"predicted_0": 4344, "predicted_1": 383}}
{"type": "metrics", "dataset": "test", "precision": 0.8571428571428571, "balanced_accuracy": 0.5285188382797928, "recall": 0.059717129387113675, "f1_score": 0.11165523996082272}
{"type": "cm_matrix", "dataset": "test", "true_0": {"predicted_0": 7072, "predicted_1": 19}, "true_1": {"predicted_0": 1795, "predicted_1": 114}}
